<?xml version="1.0" encoding="UTF-8"?>
<project-private xmlns="http://www.netbeans.org/ns/project-private/1">
    <editor-bookmarks xmlns="http://www.netbeans.org/ns/editor-bookmarks/2" lastBookmarkId="0"/>
    <open-files xmlns="http://www.netbeans.org/ns/projectui-open-files/2">
        <group>
            <file>file:/C:/Users/Omkar/Documents/NetBeansProjects/jsp/StudentJSPCrud/web/add_student_error.jsp</file>
            <file>file:/C:/Users/Omkar/Documents/NetBeansProjects/jsp/StudentJSPCrud/web/delete_student.jsp</file>
            <file>file:/C:/Users/Omkar/Documents/NetBeansProjects/jsp/StudentJSPCrud/web/index_1.html</file>
            <file>file:/C:/Users/Omkar/Documents/NetBeansProjects/jsp/StudentJSPCrud/web/index.jsp</file>
            <file>file:/C:/Users/Omkar/Documents/NetBeansProjects/jsp/StudentJSPCrud/web/insert_students.jsp</file>
            <file>file:/C:/Users/Omkar/Documents/NetBeansProjects/jsp/StudentJSPCrud/web/add_student_success.jsp</file>
            <file>file:/C:/Users/Omkar/Documents/NetBeansProjects/jsp/StudentJSPCrud/web/edit_student_form.jsp</file>
            <file>file:/C:/Users/Omkar/Documents/NetBeansProjects/jsp/StudentJSPCrud/src/java/com/apptech/crud/Student.java</file>
            <file>file:/C:/Users/Omkar/Documents/NetBeansProjects/jsp/StudentJSPCrud/web/add_student.jsp</file>
            <file>file:/C:/Users/Omkar/Documents/NetBeansProjects/jsp/StudentJSPCrud/web/input.html</file>
            <file>file:/C:/Users/Omkar/Documents/NetBeansProjects/jsp/StudentJSPCrud/src/java/com/apptech/crud/StudentDao.java</file>
            <file>file:/C:/Users/Omkar/Documents/NetBeansProjects/jsp/StudentJSPCrud/web/list_students.jsp</file>
            <file>file:/C:/Users/Omkar/Documents/NetBeansProjects/jsp/StudentJSPCrud/web/index.html</file>
            <file>file:/C:/Users/Omkar/Documents/NetBeansProjects/jsp/StudentJSPCrud/web/edit_student.jsp</file>
        </group>
    </open-files>
</project-private>
